City_ID,City,Lat,Lng,Max Temp,Humidity,Cloudiness,Wind Speed,Country,Date
0,iqaluit,63.7506,-68.5145,4.85,100,75,0.0,CA,22-07-2023
1,bredasdorp,-34.5322,20.0403,8.82,66,100,1.86,ZA,22-07-2023
2,san antonio de pale,-1.4014,5.6325,23.04,76,100,5.75,GQ,22-07-2023
3,grytviken,-54.2811,-36.5092,-2.54,82,100,5.6,GS,22-07-2023
4,longyearbyen,78.2186,15.6401,7.91,66,75,3.09,SJ,22-07-2023
5,puerto ayora,-0.7393,-90.3518,24.57,81,94,4.43,EC,22-07-2023
6,blackmans bay,-43.0167,147.3167,13.07,86,100,2.78,AU,22-07-2023
7,bethel,41.3712,-73.414,20.93,86,0,0.0,US,22-07-2023
8,stillwater,36.1156,-97.0584,22.15,91,0,2.06,US,22-07-2023
9,shanhecun,44.7,127.2,29.17,69,100,0.74,CN,22-07-2023
10,anna regina,7.2644,-58.5077,26.47,82,91,3.63,GY,22-07-2023
11,baishan,41.9431,126.4286,31.3,50,100,1.7,CN,22-07-2023
12,yellowknife,62.456,-114.3525,19.29,48,100,3.09,CA,22-07-2023
13,edinburgh of the seven seas,-37.0676,-12.3116,12.82,76,93,10.26,SH,22-07-2023
14,isafjordur,66.0755,-23.124,10.83,74,81,1.54,IS,22-07-2023
15,college,64.8569,-147.8028,25.97,54,20,2.57,US,22-07-2023
16,boyolangu,-8.1181,111.8935,29.43,100,43,5.11,ID,22-07-2023
17,olonkinbyen,70.9221,-8.7187,5.68,79,99,2.66,SJ,22-07-2023
18,port-aux-francais,-49.35,70.2167,0.7,96,100,1.52,TF,22-07-2023
19,hithadhoo,-0.6,73.0833,28.02,74,82,2.41,MV,22-07-2023
20,thompson,55.7435,-97.8558,16.09,94,75,1.54,CA,22-07-2023
21,puerto natales,-51.7236,-72.4875,-3.31,92,100,0.5,CL,22-07-2023
22,adamstown,-25.066,-130.1015,20.81,68,99,10.63,PN,22-07-2023
23,tiksi,71.6872,128.8694,10.96,69,100,3.51,RU,22-07-2023
24,ilulissat,69.2167,-51.1,4.01,100,40,0.0,GL,22-07-2023
25,popondetta,-8.7537,148.2534,26.61,79,79,1.74,PG,22-07-2023
26,chernomorskoye,45.5039,32.6997,26.18,47,0,2.24,UA,22-07-2023
27,touros,-5.1989,-35.4608,21.96,86,3,6.02,BR,22-07-2023
28,ushuaia,-54.8,-68.3,-2.19,69,40,5.14,AR,22-07-2023
29,amga,60.8953,131.9608,22.33,38,0,4.8,RU,22-07-2023
30,tromso,69.6496,18.957,16.32,82,75,1.03,NO,22-07-2023
31,lihue,21.9789,-159.3672,26.77,80,40,5.66,US,22-07-2023
32,port macquarie,-31.4333,152.9167,15.5,64,5,5.88,AU,22-07-2023
33,stephenville,32.2207,-98.2023,28.75,65,40,3.09,US,22-07-2023
34,waitangi,-43.9535,-176.5597,11.57,91,100,2.24,NZ,22-07-2023
35,cabo san lucas,22.8909,-109.9124,31.45,73,3,6.01,MX,22-07-2023
36,anadyr,64.75,177.4833,17.28,77,0,5.0,RU,22-07-2023
37,la romana,18.4273,-68.9728,25.25,86,23,2.4,DO,22-07-2023
38,dunedin,-45.8742,170.5036,6.56,75,93,2.96,NZ,22-07-2023
39,codrington,-38.2667,141.9667,11.97,77,100,3.62,AU,22-07-2023
40,tual,-5.6667,132.75,26.42,76,27,8.18,ID,22-07-2023
41,seven pagodas,12.6264,80.1722,34.03,49,91,10.87,IN,22-07-2023
42,zelenogorsk,56.1147,94.5861,28.79,42,13,2.44,RU,22-07-2023
43,mamadysh,55.7152,51.408,18.6,88,100,4.86,RU,22-07-2023
44,bonthe,7.5264,-12.505,24.87,88,96,4.33,SL,22-07-2023
45,luderitz,-26.6481,15.1594,13.44,51,100,3.38,NA,22-07-2023
46,mata-utu,-13.2816,-176.1745,28.16,80,51,4.36,WF,22-07-2023
47,ust'-kut,56.7938,105.7672,30.29,27,0,1.41,RU,22-07-2023
48,invercargill,-46.4,168.35,3.38,85,0,2.74,NZ,22-07-2023
49,larkird,35.4894,66.6641,30.49,24,0,3.54,AF,22-07-2023
50,kitimat,54.0524,-128.6534,18.21,60,40,1.34,CA,22-07-2023
51,nova vicosa,-17.8919,-39.3719,21.19,73,10,4.89,BR,22-07-2023
52,coyhaique,-45.5752,-72.0662,-1.47,98,100,1.78,CL,22-07-2023
53,vila velha,-20.3297,-40.2925,18.3,92,75,1.54,BR,22-07-2023
54,jinchang,38.4953,102.1739,31.42,12,0,4.76,CN,22-07-2023
55,taber,49.8167,-112.1518,18.11,74,98,2.57,CA,22-07-2023
56,kone,-21.0595,164.8658,17.87,71,12,2.86,NC,22-07-2023
57,general acha,-37.377,-64.6043,9.69,58,99,4.9,AR,22-07-2023
58,ribeira grande,38.5167,-28.7,19.87,88,40,2.24,PT,22-07-2023
59,lyubim,58.3625,40.6843,19.19,59,8,4.98,RU,22-07-2023
60,wailua homesteads,22.0669,-159.378,26.44,81,40,5.66,US,22-07-2023
61,nadi,-17.8,177.4167,24.0,78,20,1.03,FJ,22-07-2023
62,tura,25.5198,90.2201,29.33,83,96,0.97,IN,22-07-2023
63,lompoc,34.6391,-120.4579,16.08,96,100,2.57,US,22-07-2023
64,guane,22.2025,-84.0875,25.98,88,75,1.43,CU,22-07-2023
65,tukrah,32.5341,20.5791,31.18,45,0,2.83,LY,22-07-2023
66,bilibino,68.0546,166.4372,22.63,50,94,3.12,RU,22-07-2023
67,avarua,-21.2078,-159.775,20.03,88,75,2.57,CK,22-07-2023
68,pyapon,16.2833,95.6833,30.2,69,98,2.74,MM,22-07-2023
69,lodwar,3.1191,35.5973,29.65,41,96,5.28,KE,22-07-2023
70,arauquita,7.0292,-71.4281,21.68,100,99,0.38,CO,22-07-2023
71,port alfred,-33.5906,26.891,19.21,58,100,6.03,ZA,22-07-2023
72,dawei,14.0833,98.2,27.48,84,100,1.75,MM,22-07-2023
73,miandrivazo,-19.5167,45.4667,29.16,40,2,1.38,MG,22-07-2023
74,sultanah,24.4926,39.5857,37.25,9,0,2.06,SA,22-07-2023
75,crane,31.3974,-102.3501,26.93,53,100,9.18,US,22-07-2023
76,albany,42.6001,-73.9662,18.13,92,0,0.45,US,22-07-2023
77,bei'an,24.5399,109.533,33.7,58,89,3.47,CN,22-07-2023
78,la ronge,55.1001,-105.2842,19.14,55,100,2.57,CA,22-07-2023
79,papatowai,-46.5619,169.4708,6.18,83,5,6.01,NZ,22-07-2023
80,cockburn town,21.4612,-71.1419,27.54,76,93,6.14,TC,22-07-2023
81,kiama,-34.6833,150.8667,15.0,68,2,4.38,AU,22-07-2023
82,punta arenas,-53.15,-70.9167,-2.83,74,89,3.08,CL,22-07-2023
83,lebu,-37.6167,-73.65,10.07,89,100,3.23,CL,22-07-2023
84,alice springs,-23.7,133.8833,16.75,29,0,8.23,AU,22-07-2023
85,vanimo,-2.6741,141.3028,28.59,75,9,2.08,PG,22-07-2023
86,margaret river,-33.95,115.0667,15.83,63,19,3.44,AU,22-07-2023
87,ancud,-41.8697,-73.8203,7.58,89,100,1.72,CL,22-07-2023
88,wenchang,30.904,118.4887,28.96,85,100,2.41,CN,22-07-2023
89,kenai,60.5544,-151.2583,20.05,77,100,2.06,US,22-07-2023
90,rehoboth,-23.3167,17.0833,16.62,8,1,1.63,NA,22-07-2023
91,floro,61.5996,5.0328,14.04,72,20,2.06,NO,22-07-2023
92,nyurba,63.2842,118.3319,26.79,53,100,2.29,RU,22-07-2023
93,nadym,65.5333,72.5167,26.48,44,68,2.46,RU,22-07-2023
94,port saint john's,-31.6229,29.5448,18.24,51,65,2.77,ZA,22-07-2023
95,las tablas,7.7667,-80.2833,26.1,86,98,2.62,PA,22-07-2023
96,hawaiian paradise park,19.5933,-154.9731,25.73,92,100,1.54,US,22-07-2023
97,choma,-16.8065,26.9531,17.99,52,1,5.14,ZM,22-07-2023
98,talakan,50.3167,130.3667,27.58,35,100,1.92,RU,22-07-2023
99,baardheere,2.3446,42.2764,28.5,57,73,7.95,SO,22-07-2023
100,queenstown,-31.8976,26.8753,10.69,72,51,6.69,ZA,22-07-2023
101,portland,45.5234,-122.6762,23.99,59,0,2.57,US,22-07-2023
102,eyl,7.9803,49.8164,31.48,47,100,14.45,SO,22-07-2023
103,lepsy,46.235,78.9456,35.53,15,0,4.75,KZ,22-07-2023
104,alofi,-19.0595,-169.9187,23.94,94,8,2.06,NU,22-07-2023
105,selty,57.3132,52.1345,14.47,96,100,0.97,RU,22-07-2023
106,port elizabeth,-33.918,25.5701,11.16,93,0,2.06,ZA,22-07-2023
107,antsiranana,-12.2787,49.2917,27.42,47,20,7.2,MG,22-07-2023
108,nouadhibou,20.931,-17.0347,20.99,88,4,5.14,MR,22-07-2023
109,west island,-12.1568,96.8225,25.99,83,75,7.2,CC,22-07-2023
110,constitucion,-35.3333,-72.4167,11.45,89,98,3.34,CL,22-07-2023
111,choyr,46.3611,108.3611,18.02,59,100,3.93,MN,22-07-2023
112,ust'-kulom,61.6864,53.6902,17.16,80,86,2.9,RU,22-07-2023
113,kailua-kona,19.6406,-155.9956,27.98,89,75,6.17,US,22-07-2023
114,winnemucca,40.973,-117.7357,21.03,21,0,0.0,US,22-07-2023
115,batu pahat,1.8548,102.9325,30.49,68,56,3.55,MY,22-07-2023
116,peace river,56.2501,-117.286,22.17,56,40,2.57,CA,22-07-2023
117,tolanaro,-25.0319,46.9987,21.04,73,75,5.14,MG,22-07-2023
118,santa ana,33.7456,-117.8678,26.89,89,20,1.54,US,22-07-2023
119,nagqu,31.5,92.0,17.54,32,97,1.98,CN,22-07-2023
120,carutapera,-1.195,-46.02,22.24,90,7,2.1,BR,22-07-2023
121,al ghayzah,16.2079,52.176,28.98,73,76,3.87,YE,22-07-2023
122,hurghada,27.2574,33.8129,35.02,12,0,6.69,EG,22-07-2023
123,kerikeri,-35.2268,173.9474,13.84,86,100,1.22,NZ,22-07-2023
124,galesong,-5.3166,119.3661,31.01,69,33,5.81,ID,22-07-2023
125,sanluri,39.5611,8.8994,28.51,56,100,3.23,IT,22-07-2023
126,baker city,44.7749,-117.8344,23.99,52,0,2.06,US,22-07-2023
127,stanley,54.868,-1.6985,12.38,94,75,2.06,GB,22-07-2023
128,kidal,18.4411,1.4078,31.93,40,41,5.25,ML,22-07-2023
129,fort st. john,56.2499,-120.8529,17.94,63,75,1.03,CA,22-07-2023
130,saint-philippe,-21.3585,55.7679,21.77,83,54,6.07,RE,22-07-2023
131,muynoq,43.7683,59.0214,35.43,23,0,2.15,UZ,22-07-2023
132,lander,42.833,-108.7307,20.22,42,0,1.54,US,22-07-2023
133,shingu,33.7333,135.9833,27.54,74,22,2.34,JP,22-07-2023
134,lake alfred,28.092,-81.7234,26.95,88,0,1.54,US,22-07-2023
135,nguigmi,14.2495,13.1092,30.2,50,11,2.53,NE,22-07-2023
136,belmonte,-15.8631,-38.8828,21.13,86,71,5.27,BR,22-07-2023
137,port mathurin,-19.6833,63.4167,23.01,74,54,9.73,MU,22-07-2023
138,igarka,67.4667,86.5833,24.69,57,96,7.6,RU,22-07-2023
139,muroto-misakicho,33.2833,134.15,26.86,84,9,3.88,JP,22-07-2023
140,khandyga,62.6667,135.6,17.49,79,100,1.72,RU,22-07-2023
141,nova sintra,14.8667,-24.7167,22.74,81,33,7.54,CV,22-07-2023
142,masterton,-40.9597,175.6575,7.16,97,100,2.92,NZ,22-07-2023
143,uturoa,-16.7333,-151.4333,24.63,65,10,5.39,PF,22-07-2023
144,narasannapeta,18.4167,84.05,31.07,70,100,3.19,IN,22-07-2023
145,flin flon,54.7682,-101.865,16.33,68,63,2.14,CA,22-07-2023
146,kolonia,50.9333,6.95,17.68,71,0,2.57,DE,22-07-2023
147,tutoia,-2.7619,-42.2744,22.16,83,1,3.39,BR,22-07-2023
148,north bay,46.3168,-79.4663,15.01,82,0,2.57,CA,22-07-2023
149,marquette,46.5333,-87.6335,14.09,91,94,0.45,US,22-07-2023
150,east london,-33.0153,27.9116,18.52,55,0,5.66,ZA,22-07-2023
151,wotho,10.1657,166.0102,28.79,73,71,4.97,MH,22-07-2023
152,magdagachi,53.45,125.8,27.66,31,100,0.97,RU,22-07-2023
153,benguela,-12.5763,13.4055,20.8,75,97,1.2,AO,22-07-2023
154,tieli,46.95,128.05,25.16,59,100,1.41,CN,22-07-2023
155,constantia,44.1833,28.65,27.61,63,54,8.29,RO,22-07-2023
156,mount pearl,47.5166,-52.7813,20.25,93,100,3.09,CA,22-07-2023
157,sisimiut,66.9395,-53.6735,7.51,89,100,2.28,GL,22-07-2023
158,kodiak,57.79,-152.4072,14.73,77,0,2.06,US,22-07-2023
159,bhamo,24.2667,97.2333,35.02,54,97,0.71,MM,22-07-2023
160,badger,64.8,-147.5333,25.93,60,0,2.57,US,22-07-2023
161,kruisfontein,-34.0033,24.7314,12.23,75,100,1.19,ZA,22-07-2023
162,pimenta bueno,-11.6725,-61.1936,17.87,50,0,0.41,BR,22-07-2023
163,jamestown,42.097,-79.2353,15.95,98,0,0.45,US,22-07-2023
164,la'ie,21.6477,-157.9253,26.98,82,92,5.49,US,22-07-2023
165,gilgit,35.9221,74.3087,32.24,44,37,0.76,PK,22-07-2023
166,hermanus,-34.4187,19.2345,11.22,60,100,3.48,ZA,22-07-2023
167,manismata,-2.4667,111.0333,28.93,66,96,2.13,ID,22-07-2023
168,kayes,14.0,-11.0,26.52,80,83,2.8,ML,22-07-2023
169,kharp,66.8014,65.8081,22.0,73,100,4.58,RU,22-07-2023
170,mrakovo,52.7161,56.6244,23.23,45,100,5.23,RU,22-07-2023
171,fale old settlement,-9.3852,-171.2468,28.57,73,8,3.73,TK,22-07-2023
172,minas de marcona,-15.2119,-75.1103,12.16,88,59,5.3,PE,22-07-2023
173,havre,49.5833,0.3333,14.87,88,100,5.14,FR,22-07-2023
174,ginir,7.1333,40.7,17.92,70,100,7.24,ET,22-07-2023
175,taounate,34.5,-4.8333,23.26,53,100,1.8,MA,22-07-2023
176,middelburg,-25.7751,29.4648,9.15,79,12,4.14,ZA,22-07-2023
177,novodvinsk,64.4165,40.8122,15.8,88,98,2.15,RU,22-07-2023
178,anta,25.15,76.3,37.97,39,82,7.05,IN,22-07-2023
179,korla,41.7597,86.1469,37.12,15,49,2.4,CN,22-07-2023
180,raduzhny,62.0961,77.475,26.45,47,74,3.95,RU,22-07-2023
181,palu,-0.8917,119.8707,30.26,71,60,1.83,ID,22-07-2023
182,kill devil hills,36.0307,-75.676,25.01,78,0,0.0,US,22-07-2023
183,bapatla,15.9,80.4667,31.66,55,100,6.91,IN,22-07-2023
184,ritchie,-29.038,24.6028,10.56,77,3,8.52,ZA,22-07-2023
185,severo-yeniseyskiy,60.3725,93.0408,23.28,50,100,2.68,RU,22-07-2023
186,vilyuchinsk,52.9306,158.4028,23.15,71,28,4.38,RU,22-07-2023
187,puerto baquerizo moreno,-0.9,-89.6,24.41,80,63,5.86,EC,22-07-2023
188,georgetown,5.4112,100.3354,31.97,62,20,4.63,MY,22-07-2023
189,praia da vitoria,38.7333,-27.0667,20.42,100,20,1.71,PT,22-07-2023
190,varde,55.6211,8.4807,13.37,83,75,6.17,DK,22-07-2023
191,bubaque,11.2833,-15.8333,27.18,79,100,3.93,GW,22-07-2023
192,nantucket,41.2835,-70.0995,21.16,100,100,2.57,US,22-07-2023
193,ingeniero guillermo n. juarez,-23.9,-61.85,26.89,29,5,9.0,AR,22-07-2023
194,staryy dobrotvir,50.2315,24.377,19.67,73,86,3.87,UA,22-07-2023
195,kiffa,16.6166,-11.4045,30.35,57,37,6.58,MR,22-07-2023
196,kingston,17.997,-76.7936,27.53,83,20,1.03,JM,22-07-2023
197,springbok,-29.6643,17.8865,10.25,21,100,2.25,ZA,22-07-2023
198,rongelap,11.1635,166.8941,28.59,75,35,5.57,MH,22-07-2023
199,petropavlovsk-kamchatsky,53.0452,158.6483,22.33,64,0,3.0,RU,22-07-2023
200,punta cardon,11.6581,-70.215,26.32,86,100,11.4,VE,22-07-2023
201,mutoko,-17.397,32.2268,15.45,59,0,2.11,ZW,22-07-2023
202,fetsund,59.929,11.1625,15.32,99,100,0.7,NO,22-07-2023
203,camana,-16.6228,-72.7111,16.75,83,75,3.33,PE,22-07-2023
204,maffra,-37.9667,146.9833,11.89,57,41,1.68,AU,22-07-2023
205,iquitos,-3.7481,-73.2472,23.02,100,20,0.51,PE,22-07-2023
206,casteljaloux,44.3176,0.0861,15.95,71,2,1.35,FR,22-07-2023
207,razole,16.4833,81.8333,29.52,69,99,4.92,IN,22-07-2023
208,pokhara,28.2333,83.9833,30.84,62,73,2.35,NP,22-07-2023
209,vila franca do campo,37.7167,-25.4333,19.23,88,45,2.17,PT,22-07-2023
210,suntar,62.1444,117.6319,29.42,40,21,2.65,RU,22-07-2023
211,dudinka,69.4058,86.1778,26.46,65,100,1.85,RU,22-07-2023
212,bissau,11.8636,-15.5977,26.06,94,40,0.0,GW,22-07-2023
213,qaqortoq,60.7167,-46.0333,6.72,96,62,0.73,GL,22-07-2023
214,haiku-pauwela,20.9219,-156.3051,25.02,79,40,8.23,US,22-07-2023
215,yamada,39.4667,141.95,23.95,85,100,3.33,JP,22-07-2023
216,udachny,66.4167,112.4,26.92,41,100,8.03,RU,22-07-2023
217,ghadamis,30.1337,9.5007,33.92,16,0,6.75,LY,22-07-2023
218,yuzhno-kurilsk,44.0306,145.8556,17.71,86,43,4.85,RU,22-07-2023
219,gizo,-8.103,156.8419,26.6,82,100,7.99,SB,22-07-2023
220,sao paulo de olivenca,-3.3783,-68.8725,22.37,80,28,0.32,BR,22-07-2023
221,st. john's,47.5649,-52.7093,20.71,93,100,3.09,CA,22-07-2023
222,aasiaat,68.7098,-52.8699,3.06,98,100,4.97,GL,22-07-2023
223,palikir - national government center,6.9248,158.1611,25.47,94,100,2.57,FM,22-07-2023
224,el granada,37.5027,-122.4694,19.78,80,0,7.2,US,22-07-2023
225,remire-montjoly,4.9167,-52.2667,24.02,100,100,0.0,GF,22-07-2023
226,adra,36.7496,-3.0206,28.35,47,6,3.2,ES,22-07-2023
227,camara de lobos,32.6333,-16.9667,22.78,81,40,5.66,PT,22-07-2023
228,bikapur,26.6,82.1333,37.14,41,80,7.54,IN,22-07-2023
229,arteche,12.2645,125.4048,28.06,85,100,3.74,PH,22-07-2023
230,mandalgovi,45.7625,106.2708,20.07,53,100,7.19,MN,22-07-2023
231,la passe,45.5549,-0.8967,18.32,64,2,3.1,FR,22-07-2023
232,sibolga,1.7427,98.7792,29.33,68,98,2.82,ID,22-07-2023
233,saguenay,48.4168,-71.0657,17.82,94,100,3.09,CA,22-07-2023
234,blackfoot,43.1905,-112.345,23.88,39,0,1.6,US,22-07-2023
235,vera,-29.4593,-60.2126,24.92,42,12,6.52,AR,22-07-2023
236,geraldton,-28.7667,114.6,20.23,49,0,4.63,AU,22-07-2023
237,tsiombe,-25.3,45.4833,22.36,57,30,5.05,MG,22-07-2023
238,sarigerme,36.7155,28.7044,36.73,23,0,9.77,TR,22-07-2023
239,gofitskoye,45.0792,43.0464,27.9,46,0,2.72,RU,22-07-2023
240,deqen,29.9618,90.7188,19.38,43,100,2.32,CN,22-07-2023
241,weno,7.4515,151.8468,25.97,100,100,1.54,FM,22-07-2023
242,puerto penasco,31.3167,-113.5333,32.17,66,100,8.49,MX,22-07-2023
243,talnakh,69.4865,88.3972,26.23,49,100,2.06,RU,22-07-2023
244,dwarka,22.2394,68.9678,29.26,80,100,7.16,IN,22-07-2023
245,hammerfest,70.6634,23.6821,10.25,76,75,6.17,NO,22-07-2023
246,bayanhongor,46.7167,100.1167,19.65,40,79,2.22,MN,22-07-2023
247,novovarshavka,54.1721,74.6946,23.65,50,100,6.27,RU,22-07-2023
248,buckeye,33.3703,-112.5838,39.67,24,100,5.4,US,22-07-2023
249,al 'amarah,31.8406,47.1396,45.54,5,0,11.52,IQ,22-07-2023
250,al jubayl,27.0112,49.6583,37.43,43,100,7.24,SA,22-07-2023
251,evinayong,1.4368,10.5512,19.77,95,100,1.17,GQ,22-07-2023
252,ambon,-3.6954,128.1814,29.08,70,40,3.09,ID,22-07-2023
253,enewetak,11.3474,162.3373,28.79,77,92,6.11,MH,22-07-2023
254,bohuslav,49.5494,30.8744,14.42,87,100,1.12,UA,22-07-2023
255,farafangana,-22.8167,47.8333,20.71,82,96,4.19,MG,22-07-2023
256,ekenas,59.9736,23.4339,18.83,89,31,6.31,FI,22-07-2023
257,saint-pierre,-21.3393,55.4781,23.65,73,75,8.75,RE,22-07-2023
258,pundong,-7.9522,110.3486,27.94,64,9,6.42,ID,22-07-2023
259,hailey,43.5196,-114.3153,19.93,32,0,5.14,US,22-07-2023
260,atafu village,-8.5421,-172.5159,28.77,72,8,4.54,TK,22-07-2023
261,broken hill,-31.95,141.4333,13.19,44,42,3.81,AU,22-07-2023
262,el calafate,-50.3408,-72.2768,-2.48,94,100,1.92,AR,22-07-2023
263,itoman,26.1247,127.6694,33.01,70,75,6.17,JP,22-07-2023
264,shashemene,7.2,38.6,16.2,87,100,2.07,ET,22-07-2023
265,ust-nera,64.5667,143.2,13.9,93,100,1.89,RU,22-07-2023
266,afaahiti,-17.75,-149.2833,21.93,64,65,4.95,PF,22-07-2023
267,san patricio,28.017,-97.5169,29.36,84,0,3.44,US,22-07-2023
268,port lincoln,-34.7333,135.8667,12.94,71,70,8.92,AU,22-07-2023
269,prince rupert,54.3161,-130.3201,15.83,97,0,2.57,CA,22-07-2023
270,yigo village,13.5361,144.8886,31.62,73,75,6.69,GU,22-07-2023
271,thunder bay,48.4001,-89.3168,13.99,100,75,1.03,CA,22-07-2023
272,whitehorse,60.7161,-135.0538,17.43,76,100,3.09,CA,22-07-2023
273,bushehr,28.9684,50.8385,36.05,52,65,2.06,IR,22-07-2023
274,acajutla,13.5928,-89.8275,26.82,74,97,2.52,SV,22-07-2023
275,tazovsky,67.4667,78.7,20.95,68,80,2.72,RU,22-07-2023
276,okondja,-0.6549,13.6753,25.27,65,28,2.23,GA,22-07-2023
277,hamilton,39.1834,-84.5333,19.47,89,0,2.57,US,22-07-2023
278,le port,-20.9373,55.2919,24.98,87,12,1.51,RE,22-07-2023
279,fortuna,40.5982,-124.1573,14.4,95,100,2.06,US,22-07-2023
280,kavaratti,10.5669,72.642,28.39,81,100,9.37,IN,22-07-2023
281,tarko-sale,64.9225,77.785,26.75,44,45,5.32,RU,22-07-2023
282,sao joao da barra,-21.6403,-41.0511,19.61,74,3,2.81,BR,22-07-2023
283,arraial do cabo,-22.9661,-42.0278,20.45,75,0,7.45,BR,22-07-2023
284,fort stockton,30.894,-102.8793,27.03,38,0,3.09,US,22-07-2023
285,hasaki,35.7333,140.8333,29.22,75,0,4.51,JP,22-07-2023
286,vilyuysk,63.7553,121.6247,26.42,43,100,3.56,RU,22-07-2023
287,riberalta,-10.9833,-66.1,20.69,64,0,0.09,BO,22-07-2023
288,riachao,-7.3619,-46.6172,18.58,45,0,2.38,BR,22-07-2023
289,turuntayevo,52.2,107.6167,25.05,34,60,3.23,RU,22-07-2023
290,hendrina,-26.1588,29.7153,7.83,80,59,4.15,ZA,22-07-2023
291,awash,8.9833,40.1667,28.11,47,100,7.38,ET,22-07-2023
292,new norfolk,-42.7826,147.0587,13.72,95,100,1.21,AU,22-07-2023
293,alagoa grande,-7.1583,-35.63,19.18,93,34,2.64,BR,22-07-2023
294,taunggyi,20.7833,97.0333,25.34,73,33,1.24,MM,22-07-2023
295,champerico,14.3,-91.9167,27.75,82,99,2.3,GT,22-07-2023
296,dolores,-36.3132,-57.6792,18.56,94,100,2.18,AR,22-07-2023
297,selebi-phikwe,-21.979,27.8498,12.26,88,100,4.71,BW,22-07-2023
298,corral de bustos,-33.2821,-62.1846,16.5,80,100,3.17,AR,22-07-2023
299,beyneu,45.3167,55.2,38.67,13,8,7.54,KZ,22-07-2023
300,tank,32.2217,70.3793,35.92,50,5,2.96,PK,22-07-2023
301,manokwari,-0.8667,134.0833,28.12,75,15,1.32,ID,22-07-2023
302,anloga,5.7947,0.8973,25.17,87,89,6.85,GH,22-07-2023
303,tobelo,1.7284,128.0095,28.67,70,51,1.5,ID,22-07-2023
304,porto belo,-27.1578,-48.5531,20.38,90,100,2.74,BR,22-07-2023
305,kayangel,8.0823,134.7173,28.13,79,100,4.04,PW,22-07-2023
306,pran buri,12.3847,99.9098,31.01,75,100,2.01,TH,22-07-2023
307,murray,40.6669,-111.888,27.55,37,0,0.89,US,22-07-2023
308,saudarkrokur,65.7461,-19.6394,9.57,77,100,1.04,IS,22-07-2023
309,pigeon forge,35.7884,-83.5543,22.36,98,75,1.54,US,22-07-2023
310,yambio,4.5721,28.3955,21.73,85,100,1.32,SS,22-07-2023
311,bikenibeu village,1.3673,173.1241,26.98,94,75,2.57,KI,22-07-2023
312,vado ligure,44.2691,8.4338,27.74,93,85,0.36,IT,22-07-2023
313,carloforte,39.145,8.3058,26.69,76,100,6.01,IT,22-07-2023
314,puerto rico,-26.796,-55.024,19.89,80,47,2.67,AR,22-07-2023
315,mwinilunga,-11.7358,24.4293,21.24,36,4,4.2,ZM,22-07-2023
316,mhangura,-16.8939,30.1683,18.22,47,0,3.27,ZW,22-07-2023
317,okakarara,-20.5833,17.4333,15.91,34,4,2.63,NA,22-07-2023
318,vadso,70.0744,29.7487,9.49,93,100,7.72,NO,22-07-2023
319,loch garman,52.3342,-6.4575,16.05,100,100,4.47,IE,22-07-2023
320,kirakira,-10.4544,161.9205,26.55,86,72,1.64,SB,22-07-2023
321,minas,-34.3759,-55.2377,21.62,71,100,9.85,UY,22-07-2023
322,keetmanshoop,-26.5833,18.1333,9.51,27,12,4.12,NA,22-07-2023
323,polyarnyy,69.1989,33.4478,10.46,76,99,8.2,RU,22-07-2023
324,keflavik,64.0049,-22.5624,11.24,76,75,2.06,IS,22-07-2023
325,iskateley,67.6803,53.1512,13.79,84,98,5.87,RU,22-07-2023
326,kapsan-up,41.0903,128.2933,27.19,54,100,5.68,KP,22-07-2023
327,howard springs,-12.497,131.047,32.95,26,6,1.35,AU,22-07-2023
328,sheridan,44.8333,-106.9173,17.95,69,0,2.06,US,22-07-2023
329,saynshand,44.8824,110.1163,26.93,29,19,5.08,MN,22-07-2023
330,xihe,31.6864,113.4659,33.62,61,4,2.22,CN,22-07-2023
331,alaghsas,17.0187,8.0168,27.94,74,0,3.09,NE,22-07-2023
332,aginskoye,51.1,114.53,26.86,29,42,4.65,RU,22-07-2023
333,gaalkacyo,6.7697,47.4308,30.1,47,100,12.35,SO,22-07-2023
334,logan,41.7355,-111.8344,24.02,54,0,3.58,US,22-07-2023
335,jayapura,-2.5333,140.7,32.66,71,25,2.64,ID,22-07-2023
336,gebeit,21.0667,36.3167,36.75,12,100,1.59,SD,22-07-2023
337,al abyar,32.19,20.5965,34.12,19,0,4.08,LY,22-07-2023
338,birjand,32.8663,59.2211,32.26,11,0,5.14,IR,22-07-2023
339,ripanj,44.639,20.5204,22.73,75,12,2.33,RS,22-07-2023
340,oriximina,-1.7656,-55.8661,23.54,74,13,1.43,BR,22-07-2023
341,vorgashor,67.5833,63.95,22.45,63,100,4.08,RU,22-07-2023
342,ugoofaaru,5.6667,73.0,27.74,78,100,5.7,MV,22-07-2023
343,inhambane,-23.865,35.3833,17.99,88,75,0.0,MZ,22-07-2023
344,okhotsk,59.3833,143.3,15.65,87,95,2.86,RU,22-07-2023
345,villa gesell,-37.2639,-56.973,16.7,99,100,1.85,AR,22-07-2023
346,cidreira,-30.1811,-50.2056,16.45,94,100,4.64,BR,22-07-2023
347,sinabang,2.4803,96.3801,29.35,67,70,2.51,ID,22-07-2023
348,puerto asis,0.5133,-76.5007,20.65,96,100,0.66,CO,22-07-2023
349,wewak,-3.5534,143.6268,28.83,71,17,2.31,PG,22-07-2023
350,sitka,57.0531,-135.33,15.94,77,100,2.06,US,22-07-2023
351,mount gambier,-37.8333,140.7667,10.42,92,63,3.29,AU,22-07-2023
352,timimoun,29.2639,0.231,28.21,13,0,4.12,DZ,22-07-2023
353,sechura,-5.5569,-80.8222,21.22,79,0,3.87,PE,22-07-2023
354,mstsislaw,54.0192,31.7257,17.68,65,93,3.84,BY,22-07-2023
355,brisas de zicatela,15.8369,-97.0419,26.31,74,83,2.06,MX,22-07-2023
356,le marin,14.4721,-60.8697,23.95,94,40,1.03,MQ,22-07-2023
357,mugia,43.1041,-9.2179,18.28,77,76,6.23,ES,22-07-2023
358,banjarmasin,-3.3244,114.591,32.08,60,98,1.83,ID,22-07-2023
359,ocara,-4.4908,-38.5967,19.09,92,0,1.03,BR,22-07-2023
360,betio village,1.358,172.9211,27.02,74,19,0.43,KI,22-07-2023
361,nuuk,64.1835,-51.7216,7.34,100,75,0.51,GL,22-07-2023
362,shiraz,29.6036,52.5388,36.69,12,0,2.06,IR,22-07-2023
363,boise,43.6135,-116.2035,29.28,33,0,2.06,US,22-07-2023
364,ukrainka,50.1432,30.7461,17.3,87,100,2.11,UA,22-07-2023
365,jalalpur jattan,32.6374,74.2183,28.93,74,75,5.14,PK,22-07-2023
366,prince george,53.9166,-122.753,14.03,95,0,2.06,CA,22-07-2023
367,klaksvik,62.2266,-6.589,11.51,92,100,4.51,FO,22-07-2023
368,marat,25.0701,45.4615,40.76,6,100,6.87,SA,22-07-2023
369,utrik,11.2278,169.8474,27.96,78,100,6.73,MH,22-07-2023
370,forest lake,45.2789,-92.9852,19.3,93,6,1.61,US,22-07-2023
371,tadine,-21.55,167.8833,19.11,64,0,0.94,NC,22-07-2023
372,metkovic,43.0542,17.6483,28.26,53,0,0.77,HR,22-07-2023
373,lusambo,-4.9667,23.45,28.29,33,98,1.0,CD,22-07-2023
374,gadzhiyevo,69.2551,33.3362,10.19,76,100,8.4,RU,22-07-2023
375,shahr-e babak,30.1165,55.1186,34.74,14,50,1.96,IR,22-07-2023
376,butte,39.6499,-121.5677,30.01,35,0,3.09,US,22-07-2023
377,zeya,53.75,127.2667,28.97,30,99,0.81,RU,22-07-2023
378,nelson bay,-32.7167,152.15,16.11,71,99,4.92,AU,22-07-2023
379,heathmont,-37.8333,145.25,14.4,62,83,0.89,AU,22-07-2023
380,kununurra,-15.7667,128.7333,29.99,25,0,5.14,AU,22-07-2023
381,isoka,-10.1606,32.6335,19.42,52,2,3.0,ZM,22-07-2023
382,coquimbo,-29.9533,-71.3436,11.85,100,0,2.06,CL,22-07-2023
383,kapuskasing,49.4169,-82.4331,9.05,100,0,0.0,CA,22-07-2023
384,ljusdal,61.8288,16.0913,16.36,62,23,1.83,SE,22-07-2023
385,launceston,-41.45,147.1667,11.8,85,100,3.6,AU,22-07-2023
386,rawson,-43.3002,-65.1023,10.08,50,2,8.37,AR,22-07-2023
387,katsuura,35.1333,140.3,25.77,72,2,4.65,JP,22-07-2023
388,hadibu,12.65,54.0333,26.98,73,99,15.07,YE,22-07-2023
389,zhelezinka,53.54,75.3072,24.46,46,99,7.34,KZ,22-07-2023
390,horta,38.5333,-28.6333,18.9,90,40,3.13,PT,22-07-2023
391,lata,40.1629,-8.3327,16.15,84,1,1.02,PT,22-07-2023
392,keminmaa,65.8596,24.8228,10.87,93,100,4.12,FI,22-07-2023
393,bamboo flat,11.7,92.7167,30.05,79,75,4.63,IN,22-07-2023
394,lulea,65.5842,22.1547,12.04,94,100,2.57,SE,22-07-2023
395,dickinson,29.4608,-95.0513,29.49,88,0,1.54,US,22-07-2023
396,hovd,48.0056,91.6419,24.02,36,100,1.91,MN,22-07-2023
397,beau vallon,-20.4189,57.6953,25.13,65,20,5.66,MU,22-07-2023
398,north battleford,52.7834,-108.2847,14.05,94,0,0.0,CA,22-07-2023
399,taos,36.4072,-105.5731,19.22,56,75,10.8,US,22-07-2023
400,peruibe,-24.32,-46.9983,16.7,93,44,1.27,BR,22-07-2023
401,shahrud,36.4182,54.9763,33.45,18,4,4.21,IR,22-07-2023
402,antalaha,-14.9003,50.2788,23.0,84,69,6.07,MG,22-07-2023
403,newnham,-41.3833,147.1333,11.53,85,100,3.6,AU,22-07-2023
404,campechuela,20.2342,-77.2789,24.91,95,49,3.8,CU,22-07-2023
405,nemuro,43.3236,145.575,16.5,90,87,6.31,JP,22-07-2023
406,i-n-salah,27.1935,2.4607,35.21,11,0,6.5,DZ,22-07-2023
407,mitsamiouli,-11.3847,43.2844,27.16,78,40,4.12,KM,22-07-2023
408,bayston hill,52.6764,-2.7722,14.04,93,100,3.6,GB,22-07-2023
409,lerwick,60.1545,-1.1494,13.0,81,86,3.23,GB,22-07-2023
410,carnarvon,-24.8667,113.6333,23.58,23,0,8.05,AU,22-07-2023
411,port hedland,-20.3167,118.5667,27.03,12,0,9.26,AU,22-07-2023
412,mundra,22.85,69.7333,28.93,85,100,4.69,IN,22-07-2023
413,opuwo,-18.0607,13.84,19.48,22,0,1.18,NA,22-07-2023
414,bouna,9.2667,-3.0,22.38,93,86,3.59,CI,22-07-2023
415,papao,-17.75,-149.55,22.82,65,6,5.59,PF,22-07-2023
416,cheremushki,52.8356,91.3944,30.21,31,84,2.38,RU,22-07-2023
417,camayenne,9.535,-13.6878,24.05,100,100,0.0,GN,22-07-2023
418,qamdo,31.1667,97.2333,17.8,27,18,0.68,CN,22-07-2023
419,mana,5.6592,-53.7767,24.54,90,60,3.26,GF,22-07-2023
420,ketchikan,55.3422,-131.6461,16.26,94,100,2.06,US,22-07-2023
421,ghat,24.9647,10.1728,32.61,13,0,1.7,LY,22-07-2023
422,kargil,34.5667,76.1,20.39,42,85,2.7,IN,22-07-2023
423,la sarre,48.8002,-79.1996,7.23,81,0,2.37,CA,22-07-2023
424,gubkinskiy,64.434,76.5026,27.04,41,21,5.0,RU,22-07-2023
425,boca do acre,-8.7522,-67.3978,20.75,69,0,0.61,BR,22-07-2023
426,malabar,-33.9667,151.25,15.58,63,40,5.66,AU,22-07-2023
427,yuci,37.6803,112.7319,30.86,37,75,4.0,CN,22-07-2023
428,el porvenir,13.7617,-87.3458,24.63,72,75,1.98,HN,22-07-2023
429,nikolayevsk-on-amure,53.1406,140.73,27.45,34,12,5.82,RU,22-07-2023
430,coracora,-15.0333,-73.7833,9.91,51,2,1.06,PE,22-07-2023
431,mao,39.8885,4.2658,25.31,69,40,7.72,ES,22-07-2023
432,natal,-5.795,-35.2094,23.12,83,75,4.63,BR,22-07-2023
433,oranjemund,-28.55,16.4333,12.42,50,100,1.31,NA,22-07-2023
434,santa teresa,10.2341,-66.6631,27.45,98,100,0.35,VE,22-07-2023
435,manta,-0.95,-80.7333,24.88,83,100,3.58,EC,22-07-2023
436,egilsstadir,65.2653,-14.3948,7.95,87,0,0.0,IS,22-07-2023
437,alzamay,55.5562,98.6644,29.38,29,70,4.45,RU,22-07-2023
438,cameron park,38.6688,-120.9872,28.96,51,4,2.29,US,22-07-2023
439,buka,40.8108,69.1986,38.53,12,0,2.22,UZ,22-07-2023
440,shiyan,32.6475,110.7781,36.34,39,0,2.66,CN,22-07-2023
441,kolokani,13.5728,-8.0339,24.85,77,99,2.44,ML,22-07-2023
442,holalkere,14.0333,76.1833,24.55,76,100,11.27,IN,22-07-2023
443,aykhal,66.0,111.5,27.32,35,100,8.99,RU,22-07-2023
444,slutsk,53.0274,27.5597,19.32,58,100,4.5,BY,22-07-2023
445,mariental,-24.6333,17.9667,15.13,14,3,4.02,NA,22-07-2023
446,armacao de buzios,-22.7469,-41.8817,16.03,77,2,5.6,BR,22-07-2023
447,sittwe,20.15,92.9,29.34,78,27,6.42,MM,22-07-2023
448,isangel,-19.55,169.2667,20.06,63,97,3.12,VU,22-07-2023
449,slave lake,55.2834,-114.769,17.99,88,100,2.06,CA,22-07-2023
450,horishni plavni,49.0097,33.6455,23.96,43,100,2.6,UA,22-07-2023
451,sao vicente,-23.9631,-46.3919,20.15,26,3,1.2,BR,22-07-2023
452,kismayo,-0.3582,42.5454,27.01,74,72,8.1,SO,22-07-2023
453,hassi messaoud,31.6804,6.0729,31.92,10,0,2.57,DZ,22-07-2023
454,namibe,-15.1961,12.1522,18.88,80,50,2.23,AO,22-07-2023
455,boende,-0.2167,20.8667,29.08,58,5,1.03,CD,22-07-2023
456,torit,4.4133,32.5678,27.57,56,100,0.46,SS,22-07-2023
457,pisco,-13.7,-76.2167,19.03,77,100,2.57,PE,22-07-2023
458,raton,36.9034,-104.4391,18.19,77,100,3.09,US,22-07-2023
459,kakching,24.4833,93.9833,30.33,62,77,1.67,IN,22-07-2023
460,aldama,22.9167,-98.0667,28.05,93,94,0.86,MX,22-07-2023
461,nuku'alofa,-21.1333,-175.2,23.19,88,75,2.06,TO,22-07-2023
462,tomohon,1.3346,124.8392,27.52,78,47,1.28,ID,22-07-2023
463,griffith,41.5284,-87.4237,19.94,91,0,0.0,US,22-07-2023
464,kamiiso,41.8167,140.65,26.21,73,75,5.66,JP,22-07-2023
465,santa rita,-7.1139,-34.9781,22.37,100,20,2.57,BR,22-07-2023
466,colonia,50.9333,6.95,18.23,69,0,2.57,DE,22-07-2023
467,leava,-14.3,-178.1667,26.89,76,100,4.0,WF,22-07-2023
468,aberdeen,57.1437,-2.0981,13.08,92,98,1.54,GB,22-07-2023
469,flying fish cove,-10.4217,105.6791,25.82,78,100,6.69,CX,22-07-2023
470,naze,28.3667,129.4833,29.51,75,100,3.1,JP,22-07-2023
471,saipan,15.1355,145.701,30.39,100,75,6.17,MP,22-07-2023
472,hrodna,53.6884,23.8258,15.92,82,0,2.0,BY,22-07-2023
473,micco,27.8806,-80.5003,27.78,85,60,3.95,US,22-07-2023
474,edd,13.9297,41.6925,38.82,37,100,2.94,ER,22-07-2023
475,saint-joseph,-21.3667,55.6167,22.48,77,26,6.79,RE,22-07-2023
476,saldanha,-33.0117,17.9442,2.03,60,100,2.04,ZA,22-07-2023
477,tsiroanomandidy,-18.7667,46.0333,23.85,45,11,2.06,MG,22-07-2023
478,sona,45.4388,10.8255,23.21,88,40,1.54,IT,22-07-2023
479,cestos city,5.46,-9.5828,25.19,82,94,4.84,LR,22-07-2023
480,ceerigaabo,10.6162,47.368,22.18,52,92,14.35,SO,22-07-2023
481,pontian kechil,1.4866,103.3896,33.47,72,100,4.73,MY,22-07-2023
482,talara,-4.5772,-81.2719,21.61,78,3,5.65,PE,22-07-2023
483,svay rieng,11.0879,105.7993,31.5,62,100,4.11,KH,22-07-2023
484,kyren,51.6828,102.1408,24.56,44,23,2.09,RU,22-07-2023
485,selfoss,63.9331,-20.9971,11.14,86,87,1.03,IS,22-07-2023
486,mauganj,24.6833,81.8833,36.35,42,69,8.21,IN,22-07-2023
487,ujae,8.9322,165.7642,27.8,76,100,2.37,MH,22-07-2023
488,guerrero negro,27.9769,-114.0611,19.41,82,87,5.79,MX,22-07-2023
489,cambria,35.5641,-121.0808,25.54,64,91,0.34,US,22-07-2023
490,artova,40.1158,36.3001,18.94,44,0,2.13,TR,22-07-2023
491,yantzaza,-3.8278,-78.7594,19.78,99,86,0.26,EC,22-07-2023
492,karratha,-20.7377,116.8463,25.84,19,4,9.38,AU,22-07-2023
493,illizi,26.4833,8.4667,27.89,12,0,3.82,DZ,22-07-2023
494,tejen,37.3834,60.5054,37.89,11,0,2.93,TM,22-07-2023
495,metlili chaamba,32.2667,3.6333,31.52,12,0,0.0,DZ,22-07-2023
496,charters towers,-20.1,146.2667,24.36,26,1,4.82,AU,22-07-2023
497,frontera,26.9333,-101.45,30.5,35,1,1.79,MX,22-07-2023
498,melekeok village,7.4957,134.6367,30.31,79,100,3.6,PW,22-07-2023
499,kuqa,41.7278,82.9364,36.24,14,85,0.65,CN,22-07-2023
500,chonchi,-42.6128,-73.8092,6.73,97,100,1.16,CL,22-07-2023
501,tafuna,-14.3358,-170.72,27.97,89,40,3.09,AS,22-07-2023
502,hafar al-batin,28.4328,45.9708,40.32,9,0,5.14,SA,22-07-2023
503,maxixe,-23.8597,35.3472,17.9,88,75,0.0,MZ,22-07-2023
504,conduaga,8.862,117.4893,26.54,85,100,1.28,PH,22-07-2023
505,reedsburg,43.5325,-90.0026,17.83,95,40,0.0,US,22-07-2023
506,axim,4.8699,-2.2405,24.21,89,97,3.8,GH,22-07-2023
507,belyayevka,51.3974,56.4096,29.5,28,21,6.44,RU,22-07-2023
508,mejit,10.2753,170.8646,27.28,82,97,7.05,MH,22-07-2023
509,pandan,14.0453,124.1694,29.24,75,100,4.89,PH,22-07-2023
510,zanjan,36.6736,48.4787,27.83,23,0,8.75,IR,22-07-2023
511,klyuchi,52.2667,79.1667,23.85,48,92,6.0,RU,22-07-2023
512,quiberon,47.4841,-3.1196,16.73,85,67,3.13,FR,22-07-2023
513,genhe,50.7833,121.5167,13.66,99,100,3.97,CN,22-07-2023
514,cooper's town,26.8667,-77.5167,29.71,77,51,5.8,BS,22-07-2023
515,happy valley-goose bay,53.3168,-60.3315,19.17,59,40,2.57,CA,22-07-2023
516,toliara,-23.35,43.6667,24.52,52,0,2.37,MG,22-07-2023
517,diosig,47.3,22.0,21.31,72,46,4.36,RO,22-07-2023
518,howrah,22.5892,88.3103,28.0,94,100,5.14,IN,22-07-2023
519,kapa'a,22.0752,-159.319,27.18,80,40,5.66,US,22-07-2023
520,alsunga,56.9819,21.5594,16.8,54,7,3.66,LV,22-07-2023
521,bengkulu,-3.8004,102.2655,28.91,73,25,4.43,ID,22-07-2023
522,general roca,-39.0333,-67.5833,10.19,60,100,4.58,AR,22-07-2023
523,gongzhuling,43.5008,124.8198,23.91,85,100,2.96,CN,22-07-2023
524,fort bragg,35.139,-79.006,25.83,80,0,0.45,US,22-07-2023
525,kanel,15.4916,-13.1763,28.0,83,0,1.03,SN,22-07-2023
526,callao,-12.0667,-77.15,21.16,73,100,6.17,PE,22-07-2023
527,wanning,18.8003,110.3967,31.4,65,7,4.01,CN,22-07-2023
528,pangkalan brandan,4.0238,98.2782,31.93,60,98,3.22,ID,22-07-2023
529,sitia,35.2,26.0986,32.77,56,0,4.64,GR,22-07-2023
530,castillos,-34.1667,-53.8333,19.45,78,100,6.24,UY,22-07-2023
531,neryungri,56.6709,124.6491,21.86,53,45,4.26,RU,22-07-2023
532,vilhena,-12.7406,-60.1458,17.23,43,0,1.96,BR,22-07-2023
533,novosergiyevka,52.0934,53.6528,24.41,45,87,6.38,RU,22-07-2023
534,tofol,5.3248,163.0078,27.43,81,100,5.74,FM,22-07-2023
535,morehead city,34.7229,-76.726,27.22,88,0,0.0,US,22-07-2023
536,palmer,42.1584,-72.3287,18.86,86,75,0.0,US,22-07-2023
537,muslyumovo,55.3033,53.1947,19.4,69,49,8.22,RU,22-07-2023
538,kaitong,44.8135,123.15,21.06,91,100,3.69,CN,22-07-2023
539,micheweni,-4.9667,39.8333,26.5,73,11,6.77,TZ,22-07-2023
540,williams lake,52.1415,-122.1445,17.81,70,100,5.14,CA,22-07-2023
541,tondano,1.3038,124.9112,28.05,76,51,2.59,ID,22-07-2023
542,sao felix do xingu,-6.6447,-51.995,17.6,59,1,0.93,BR,22-07-2023
543,ulan bator,47.9077,106.8832,17.07,77,75,3.0,MN,22-07-2023
544,pyhajarvi,67.0701,27.2176,12.12,81,100,3.55,FI,22-07-2023
545,westport,41.1415,-73.3579,22.99,88,0,2.06,US,22-07-2023
546,grand-fort-philippe,50.9996,2.1078,16.7,70,100,6.05,FR,22-07-2023
547,palmares do sul,-30.2578,-50.5097,15.81,95,100,2.04,BR,22-07-2023
548,nizhniy odes,63.6445,54.856,16.83,77,97,2.93,RU,22-07-2023
549,devonport,-41.1667,146.35,11.72,94,95,2.95,AU,22-07-2023
550,namsos,64.4662,11.4957,13.03,88,100,2.06,NO,22-07-2023
551,lazaro cardenas,17.9583,-102.2,26.56,88,33,1.56,MX,22-07-2023
552,wau,7.7029,27.9953,26.04,75,100,0.76,SS,22-07-2023
553,cabinda,-5.55,12.2,23.08,88,100,1.03,AO,22-07-2023
554,betafo,-19.8333,46.85,18.28,60,44,3.02,MG,22-07-2023
555,mzimba,-11.9,33.6,19.45,57,7,5.68,MW,22-07-2023
556,sao joao do piaui,-8.3581,-42.2467,21.36,56,0,4.16,BR,22-07-2023
557,pangai,-19.8,-174.35,23.06,94,40,4.12,TO,22-07-2023
558,oyama,36.3,139.8,34.77,45,80,4.77,JP,22-07-2023
559,grafton,42.207,-71.6856,19.29,96,100,0.0,US,22-07-2023
560,san sebastian de la gomera,28.0916,-17.1133,23.2,88,40,2.06,ES,22-07-2023
561,ma'rib,15.4591,45.3253,38.12,12,86,6.18,YE,22-07-2023
562,chetwayi,10.5333,76.05,27.65,82,97,5.29,IN,22-07-2023
563,agat village,13.3886,144.6585,32.52,75,20,6.69,GU,22-07-2023
564,ta`u,-14.2336,-169.5144,27.68,79,49,3.51,AS,22-07-2023
565,mermoz boabab,14.7065,-17.4758,26.88,78,40,0.0,SN,22-07-2023
566,altamira,-3.2033,-52.2064,20.18,62,6,0.88,BR,22-07-2023
567,lushun,38.8,121.2667,24.12,98,100,5.81,CN,22-07-2023
568,zhezqazghan,47.7833,67.7667,28.32,23,0,2.0,KZ,22-07-2023
569,sokcho,38.2083,128.5911,26.34,78,20,5.66,KR,22-07-2023
570,san juan,-31.5375,-68.5364,16.2,18,1,3.12,AR,22-07-2023
571,la paz,-16.5,-68.15,5.32,63,0,1.03,BO,22-07-2023
572,mitu,1.1983,-70.1733,20.87,99,26,0.52,CO,22-07-2023
573,ar ruways,24.1103,52.7306,37.56,45,26,3.71,AE,22-07-2023
574,bairnsdale,-37.8333,147.6167,13.36,63,10,0.45,AU,22-07-2023
575,khanty-mansiysk,61.0042,69.0019,23.06,56,0,6.0,RU,22-07-2023
576,olinda,-8.0089,-34.8553,24.85,78,40,5.66,BR,22-07-2023
577,ambazac,45.9598,1.4006,13.18,58,0,1.6,FR,22-07-2023
578,honefoss,60.168,10.2565,13.29,95,100,1.71,NO,22-07-2023
579,barra de santo antonio,-9.4047,-35.5072,21.6,82,13,4.77,BR,22-07-2023
580,koungou,-12.7336,45.2042,28.84,61,0,6.17,YT,22-07-2023
581,bodaybo,57.8506,114.1933,27.31,44,17,0.71,RU,22-07-2023
582,bayji,34.9311,43.487,40.58,16,0,6.2,IQ,22-07-2023
583,subaykhan,34.8544,40.6083,37.15,21,0,6.05,SY,22-07-2023
584,cassia,-20.5831,-46.9219,13.91,90,0,1.45,BR,22-07-2023
585,porto torres,40.835,8.3972,24.1,59,96,1.92,IT,22-07-2023
586,novyy urgal,51.0736,132.5642,28.04,31,100,3.15,RU,22-07-2023
587,ploneour-lanvern,47.9,-4.2833,16.16,94,100,2.57,FR,22-07-2023
588,qujing,25.4833,103.7833,25.28,65,89,3.81,CN,22-07-2023
589,sturgis,41.7992,-85.4192,17.07,94,100,0.0,US,22-07-2023
590,malanje,-9.5402,16.341,22.0,46,2,1.52,AO,22-07-2023
591,tvoroyri,61.5556,-6.8111,10.57,91,100,7.94,FO,22-07-2023
592,umluj,25.0213,37.2685,33.9,38,26,3.27,SA,22-07-2023
593,akjoujt,19.6969,-14.4164,28.24,43,62,3.45,MR,22-07-2023
594,yuzhno-sakhalinsk,46.9581,142.7337,26.79,57,96,5.0,RU,22-07-2023
595,ulladulla,-35.35,150.4667,12.18,67,3,2.31,AU,22-07-2023
596,ntungamo,-0.8833,29.65,27.5,30,24,0.71,UG,22-07-2023
